family,policy,param,n,err_mean,err_lo,err_hi,err_median,err_p90,err_max,cost_mean,cost_lo,cost_hi,wall_mean,n_fine_mean,n_sims_mean,success_rate,precision,recall,f1,waste,miss
id,uniform_coarse,0.0,300,0.12971365129217413,0.10891902505773658,0.15384372067265747,0.05995703007548289,0.3314989235312163,1.11709612036977,4800.0,4800.0,4800.0,0.017794093719882463,0.0,1.0,0.20333333333333334,1.0,0.0,0.0,0.0,0.2
id,uniform_medium,1.0,300,0.05349711123176784,0.037301171964819343,0.07167524057657511,0.00105777570377108,0.15567027629610983,0.8815104354754488,14400.0,14400.0,14400.0,0.05702858753996528,0.0,1.0,0.8,1.0,0.0,0.0,0.0,0.2
id,uniform_fine,2.0,300,0.00111570888981987,0.0009635913867237086,0.001277187542806685,0.0005556578587640193,0.0033608794497182962,0.007989880049040776,192000.0,192000.0,192000.0,0.6931518053800392,12.0,1.0,1.0,0.022222222222222223,1.0,0.04347826086956522,0.9777777777777779,0.0
id,random,0.0,300,0.05349711123176784,0.037301171964819343,0.07167524057657511,0.00105777570377108,0.15567027629610983,0.8815104354754488,14400.0,14400.0,14400.0,0.05702858753996528,0.0,1.0,0.8,1.0,0.0,0.0,0.0,0.2
id,random,1.0,300,0.05184526157346914,0.03561962209187774,0.07013697741958753,0.000984490172095509,0.155669978416127,0.8815050567938694,29200.0,29200.0,29200.0,0.622438087959969,1.0,1.0,0.82,0.02,0.075,0.031578947368421054,0.98,0.18
id,random,2.0,300,0.04625462764918969,0.03151622443629333,0.06586754658847208,0.0009578235002411922,0.10586131955443043,0.8815073906985331,44000.0,44000.0,44000.0,0.6273506848566043,2.0,1.0,0.8366666666666667,0.021666666666666667,0.1625,0.03823529411764706,0.9783333333333334,0.1613888888888889
id,random,3.0,300,0.0428163783029174,0.02867073614298513,0.06062294643630796,0.0009196171550272247,0.06612193980115219,0.8815072926145963,58800.0,58800.0,58800.0,0.6369846873266579,3.0,1.0,0.85,0.022222222222222223,0.25,0.04081632653061225,0.9777777777777777,0.14444444444444443
id,random,4.0,300,0.0392281475498449,0.025654097576384753,0.05598364687355069,0.0008734939446816445,0.04834250485807387,0.881516102009774,73600.0,73600.0,73600.0,0.6434549517300365,4.0,1.0,0.86,0.023333333333333334,0.35,0.04375,0.9766666666666667,0.1286111111111111
id,random,6.0,300,0.030642093146003132,0.017929771349003584,0.04467722291371222,0.0007553346749609169,0.013218000828060832,0.835992999077269,103200.0,103200.0,103200.0,0.6603773120366956,6.0,1.0,0.8933333333333333,0.023333333333333334,0.525,0.04468085106382979,0.9766666666666667,0.09333333333333332
id,random,8.0,300,0.026612353702534584,0.0146321050537724,0.040212329292599144,0.000674685603738432,0.0057239327301575335,0.8360043632781835,132800.0,132800.0,132800.0,0.6816763904033724,8.0,1.0,0.92,0.022083333333333333,0.6625,0.042741935483870966,0.9779166666666667,0.06888888888888887
id,random,12.0,300,0.00111570888981987,0.0009635913867237086,0.001277187542806685,0.0005556578587640193,0.0033608794497182962,0.007989880049040776,192000.0,192000.0,192000.0,0.6931518053800392,12.0,1.0,1.0,0.022222222222222223,1.0,0.04347826086956522,0.9777777777777779,0.0
id,random_structured,0.0,300,0.05349711123176784,0.037301171964819343,0.07167524057657511,0.00105777570377108,0.15567027629610983,0.8815104354754488,14400.0,14400.0,14400.0,0.05702858753996528,0.0,1.0,0.8,1.0,0.0,0.0,0.0,0.2
id,random_structured,1.0,300,0.04598240561848521,0.03060424695201881,0.06313771799559002,0.0010069543412777326,0.10586284690115001,0.8815102682582523,29200.0,29200.0,29200.0,0.618754819619929,1.0,1.0,0.8133333333333334,0.03,0.1125,0.047368421052631574,0.97,0.17666666666666667
id,random_structured,2.0,300,0.04252922903746666,0.02806626516167102,0.058415522741022144,0.0009868819133093745,0.09440563832093297,0.8815190773137808,44000.0,44000.0,44000.0,0.6321273891633002,2.0,1.0,0.8233333333333334,0.021666666666666667,0.1625,0.03823529411764706,0.9783333333333334,0.16833333333333333
id,random_structured,3.0,300,0.03918160282090752,0.025303794768149254,0.05476903685528391,0.0009619037608533595,0.079508963054061,0.8815214111012807,58800.0,58800.0,58800.0,0.6414394018266527,3.0,1.0,0.8333333333333334,0.02,0.225,0.036734693877551024,0.98,0.1561111111111111
id,random_structured,4.0,300,0.034387773071717975,0.0217635576942452,0.04951881462588175,0.0009479404650337767,0.055974693539724986,0.8815213130203894,73550.66666666667,73452.0,73600.0,0.6454825324433356,3.9966666666666666,1.0,0.8533333333333334,0.022518765638031693,0.3375,0.04222048475371384,0.9775,0.13305555555555554
id,random_structured,6.0,300,0.023169757292853307,0.0118677537424627,0.03638905186814411,0.0008266206974337428,0.009938447923376217,0.8815202319007663,102608.0,102114.66666666667,103002.66666666667,0.6668331093433153,5.96,1.0,0.9,0.024049217002237135,0.5375,0.04603854389721627,0.9761111111111113,0.08611111111111111
id,random_structured,8.0,300,0.016864830542288017,0.007744543401049193,0.029311377581919082,0.0006532628144350679,0.005431929680200872,0.8815146316451369,130333.33333333333,129050.66666666667,131369.33333333334,0.6810100959133706,7.833333333333333,1.0,0.93,0.023404255319148935,0.6875,0.04526748971193415,0.9769444444444444,0.058333333333333334
id,random_structured,12.0,300,0.00111570888981987,0.0009635913867237086,0.001277187542806685,0.0005556578587640193,0.0033608794497182962,0.007989880049040776,169553.33333333334,166248.0,172317.23333333334,0.7020828095333975,10.483333333333333,1.0,1.0,0.025437201907790145,1.0,0.04961240310077519,0.975405723905724,0.0
id,spatial,0.0,300,0.05349711123176784,0.037301171964819343,0.07167524057657511,0.00105777570377108,0.15567027629610983,0.8815104354754488,14400.0,14400.0,14400.0,0.05702858753996528,0.0,1.0,0.8,1.0,0.0,0.0,0.0,0.2
id,spatial,1.0,300,0.026100178114184146,0.0159098660249652,0.03845431385934208,0.0008354967438902738,0.011257256618638457,0.7408077601150618,29200.0,29200.0,29200.0,0.6158213768333128,1.0,1.0,0.8966666666666666,0.13,0.4875,0.20526315789473687,0.87,0.08805555555555555
id,spatial,2.0,300,0.022267044283768574,0.01315393422461593,0.033300772896378616,0.000777824801539248,0.007965861356538855,0.7408103610902743,44000.0,44000.0,44000.0,0.6299414570633598,2.0,1.0,0.9066666666666666,0.07333333333333333,0.55,0.12941176470588237,0.9266666666666666,0.07916666666666666
id,spatial,3.0,300,0.015224709467865966,0.008768114738175889,0.02281678221433715,0.0007083906705347559,0.007180366159089342,0.6798581232481324,58800.0,58800.0,58800.0,0.6362193108166685,3.0,1.0,0.92,0.05555555555555555,0.625,0.10204081632653061,0.9444444444444444,0.06722222222222221
id,spatial,4.0,300,0.01420809026196659,0.007834707264016584,0.021614830524181727,0.0007061014019068279,0.006278072196816305,0.6798582775195827,73600.0,73600.0,73600.0,0.642388429753258,4.0,1.0,0.9266666666666666,0.04416666666666667,0.6625,0.0828125,0.9558333333333333,0.05944444444444444
id,spatial,6.0,300,0.010548883586761969,0.005322378682626375,0.0170379673840915,0.0006447785056040711,0.0046866365668428,0.6783785818266712,103200.0,103200.0,103200.0,0.664560390563347,6.0,1.0,0.9433333333333334,0.03277777777777778,0.7375,0.06276595744680852,0.9672222222222221,0.050833333333333335
id,spatial,8.0,300,0.00530469023660371,0.00140035238005302,0.011202706002104604,0.0005913238625778333,0.003615969806412123,0.6709729562619215,132800.0,132800.0,132800.0,0.6753254611766776,8.0,1.0,0.98,0.03,0.9,0.058064516129032254,0.97,0.0175
id,spatial,12.0,300,0.00111570888981987,0.0009635913867237086,0.001277187542806685,0.0005556578587640193,0.0033608794497182962,0.007989880049040776,192000.0,192000.0,192000.0,0.6931518053800392,12.0,1.0,1.0,0.022222222222222223,1.0,0.04347826086956522,0.9777777777777779,0.0
id,physics,0.02,300,0.0011141964349886853,0.0009628841203422353,0.001276254778045159,0.0005400671984527698,0.00337754192248439,0.007953425215761367,57826.666666666664,53363.833333333336,62394.666666666664,0.5030656946366071,2.2466666666666666,1.7066666666666668,1.0,0.11869436201780416,1.0,0.21220159151193632,0.6092354497354496,0.0
id,physics,0.05,300,0.0011143892837697155,0.0009633157515169484,0.001276906030804364,0.0005400671984527698,0.0033784348406194218,0.007953425215761367,52866.666666666664,48640.46666666667,57246.566666666666,0.46591527921994685,1.9666666666666666,1.65,1.0,0.13559322033898305,1.0,0.23880597014925373,0.5464179894179895,0.0
id,physics,0.1,300,0.0011176902831622002,0.0009649835146799557,0.0012785221302037562,0.000553273532339249,0.003379719921147501,0.008053807135876445,48004.0,44135.933333333334,51981.4,0.43088633793327974,1.69,1.5966666666666667,1.0,0.15779092702169625,1.0,0.27257240204429306,0.48457010582010585,0.0
id,physics,0.15,300,0.0011271806520608083,0.0009719211555478015,0.001286866148911338,0.0005593252645399449,0.003379719921147501,0.00809066892029886,45985.333333333336,42261.100000000006,49822.76666666666,0.42228592653661207,1.5633333333333332,1.5866666666666667,1.0,0.17057569296375266,1.0,0.2914389799635701,0.46742460317460316,0.0
id,physics,0.2,300,0.0011648884616868235,0.0010061467294819881,0.0013276000954901364,0.0005724940162419728,0.0033929940087665707,0.00809066892029886,44264.0,40684.100000000006,48042.73333333333,0.4136340451099629,1.46,1.5733333333333333,1.0,0.182648401826484,1.0,0.3088803088803089,0.44928968253968243,0.0
id,physics,0.3,300,0.0011592250424958294,0.0009993004086562807,0.001325843813552558,0.000570870505793325,0.0033921358214419888,0.00809066892029886,41372.0,38033.3,44963.23333333333,0.3837450393166364,1.31,1.5266666666666666,1.0,0.2035623409669211,1.0,0.33826638477801263,0.3973452380952381,0.0
id,physics,0.4,300,0.001343494703038852,0.0010304342181543496,0.001808735969212564,0.0005711952712020574,0.0034095469120267842,0.05622682574672344,39505.333333333336,36313.3,42893.36666666667,0.37044755174994254,1.2033333333333334,1.5066666666666666,0.9966666666666667,0.2188365650969529,0.9875,0.35827664399092973,0.37406349206349204,0.0033333333333333335
id,physics,0.5,300,0.0013988700471335655,0.001078766045474076,0.0018506343991757063,0.0005811634364893958,0.0034466812922333487,0.05622682574672344,37786.666666666664,34550.63333333333,40978.53333333333,0.35796648140994874,1.1066666666666667,1.4866666666666666,0.9966666666666667,0.23493975903614459,0.975,0.3786407766990292,0.35417460317460314,0.006666666666666667
id,physics,0.6,300,0.004429613718226876,0.001467857538343213,0.008689689765393558,0.0005827616536036029,0.00370962207736583,0.4582302739654672,36118.666666666664,33077.2,39163.83333333333,0.3434698601999723,1.0166666666666666,1.4633333333333334,0.9866666666666667,0.2459016393442623,0.9375,0.3896103896103896,0.3303968253968254,0.015
id,physics,0.7,300,0.00763671636266008,0.0028649257532408524,0.013454080357798994,0.0005847301323084197,0.0040652079060567526,0.4582302739654672,34160.0,31265.4,37145.53333333333,0.32080186301661645,0.92,1.4266666666666667,0.9733333333333334,0.2536231884057971,0.875,0.39325842696629215,0.2968015873015873,0.0275
id,physics,0.8,300,0.011726530035516868,0.005254848172579802,0.019976915732877937,0.0005841598999662967,0.00453671005094597,0.7485373246960655,32101.333333333332,29361.066666666666,34985.46666666667,0.30039456260996306,0.8133333333333334,1.3933333333333333,0.9566666666666667,0.26229508196721313,0.8,0.39506172839506176,0.27227777777777773,0.03916666666666667
id,physics,0.9,300,0.015400816222642498,0.008049790059033175,0.024427751555843567,0.0007074660966429336,0.006076605982277324,0.7485373246960655,29450.666666666668,26993.933333333334,32156.899999999998,0.28017965019996455,0.6666666666666666,1.36,0.9333333333333333,0.28,0.7,0.4,0.23977777777777778,0.06138888888888888
id,physics,0.97,300,0.023940380581239797,0.014035405625171648,0.03630552437649413,0.0008361303493123057,0.015753741922473297,0.7795216801320599,26562.666666666668,24397.733333333334,28866.399999999998,0.24648931829996096,0.5266666666666666,1.3033333333333332,0.8933333333333333,0.25949367088607594,0.5125,0.34453781512605036,0.21555555555555553,0.10194444444444443
id,physics_seq,0.02,300,0.0011028477690039798,0.0009543449328099603,0.0012640123348818628,0.0005400671984527698,0.00336186580242277,0.00796766756815881,130352.0,115467.8,145813.86666666664,1.4190925560699725,2.1733333333333333,3.1733333333333333,1.0,0.12269938650306748,1.0,0.21857923497267762,0.6212777777777777,0.0
id,physics_seq,0.05,300,0.0011030857667511096,0.0009551387724710058,0.0012644450123560683,0.0005400671984527698,0.00336186580242277,0.00796766756815881,115893.33333333333,101521.5,131244.96666666665,1.2698712937399796,1.9366666666666668,2.9366666666666665,1.0,0.13769363166953527,1.0,0.24205748865355523,0.5531111111111111,0.0
id,physics_seq,0.1,300,0.0011060383673845789,0.0009605300610832714,0.001267259912446976,0.000553273532339249,0.0033620952872063683,0.007953425215761367,101922.66666666667,88866.13333333333,116095.96666666666,1.1290178661233221,1.7133333333333334,2.7133333333333334,1.0,0.1556420233463035,1.0,0.2693602693602694,0.4951666666666667,0.0
id,physics_seq,0.15,300,0.0011115363133820453,0.0009623609656735176,0.0012715839264809793,0.000553273532339249,0.0033620952872063683,0.007953425215761367,94864.0,82309.40000000001,108216.76666666666,1.0570167676633173,1.6,2.6,1.0,0.16666666666666666,1.0,0.2857142857142857,0.48083333333333333,0.0
id,physics_seq,0.2,300,0.0011223771060390594,0.000971870088685452,0.0012832786420030307,0.0005593252645399449,0.0033620952872063683,0.007953425215761367,87901.33333333333,76048.93333333333,100443.93333333333,0.9897880874433334,1.4933333333333334,2.493333333333333,1.0,0.17857142857142858,1.0,0.30303030303030304,0.46105555555555555,0.0
id,physics_seq,0.3,300,0.0011214690001176335,0.00097240153666709,0.0012817064862476512,0.0005609370357691906,0.003362374496741394,0.008053807135876445,79770.66666666667,69090.7,91394.70000000001,0.897763317079989,1.3466666666666667,2.3466666666666667,1.0,0.19801980198019803,1.0,0.3305785123966942,0.40561111111111103,0.0
id,physics_seq,0.4,300,0.0011254516204250802,0.0009753984790126825,0.0012855649347190666,0.0005609370357691906,0.003362374496741394,0.00809066892029886,73300.0,62721.26666666666,84582.23333333334,0.8329833695999878,1.2433333333333334,2.243333333333333,1.0,0.21447721179624665,1.0,0.35320088300220753,0.3815,0.0
id,physics_seq,0.5,300,0.0013382444326412802,0.0010178511368093674,0.0017921917034184184,0.0005609370357691906,0.0033930973750097688,0.05622682574672344,67026.66666666667,57530.63333333333,76682.33333333333,0.76936327737998,1.14,2.14,0.9966666666666667,0.22807017543859648,0.975,0.3696682464454976,0.36094444444444446,0.006666666666666667
id,physics_seq,0.6,300,0.003412963330285703,0.0012025864864507328,0.007058442697687954,0.0005723681902000954,0.003614617101994056,0.4582302739654672,62816.0,53796.0,72465.1,0.7192936241166595,1.06,2.06,0.99,0.2389937106918239,0.95,0.3819095477386935,0.3368333333333333,0.013333333333333334
id,physics_seq,0.7,300,0.005317092308162647,0.001944361749877297,0.009969386666909498,0.0005711952712020574,0.0037504836072945317,0.4582302739654672,57576.0,49384.46666666667,66401.16666666666,0.6589016590366494,0.9633333333333334,1.9633333333333334,0.98,0.2491349480968858,0.9,0.3902439024390244,0.3045,0.024166666666666666
id,physics_seq,0.8,300,0.009339852330158525,0.0036742206846352952,0.016794760706552066,0.0005711952712020574,0.004176388667150284,0.7485373246960655,50966.666666666664,43564.166666666664,59111.566666666666,0.580954417139983,0.8366666666666667,1.8366666666666667,0.9666666666666667,0.26693227091633465,0.8375,0.404833836858006,0.2761111111111111,0.035277777777777776
id,physics_seq,0.9,300,0.015004684321571041,0.007697435938487066,0.024135162174420435,0.0007050563071179725,0.0057294544674252445,0.7485373246960655,42936.0,36767.9,49872.46666666667,0.4871551604466549,0.6866666666666666,1.6866666666666668,0.9366666666666666,0.2766990291262136,0.7125,0.3986013986013986,0.24644444444444447,0.06027777777777777
id,physics_seq,0.97,300,0.023905822741011797,0.014034541679165947,0.03626964478595867,0.0008361303493123057,0.015753741922473297,0.7795216801320599,35204.0,30564.033333333333,40345.166666666664,0.3898674505166612,0.53,1.53,0.8933333333333333,0.2641509433962264,0.525,0.3514644351464435,0.21555555555555553,0.10083333333333333
id,adjoint,0.02,300,0.0011723946046906478,0.0010084590411215163,0.0013400788749234503,0.0005808032655595374,0.003417270597948019,0.007953425215761367,79309.33333333333,75234.7,83688.73333333332,0.4481264889899224,1.8333333333333333,1.6233333333333333,1.0,0.14545454545454545,1.0,0.25396825396825395,0.5157988215488215,0.0
id,adjoint,0.05,300,0.0015879405026570277,0.0011179221510655972,0.0025195370301559616,0.0006318312277998617,0.003653027778754507,0.10092620442312006,72436.0,68686.1,76265.43333333333,0.3964594057632712,1.45,1.54,0.9966666666666667,0.18160919540229886,0.9875,0.30679611650485433,0.426202380952381,0.0033333333333333335
id,adjoint,0.1,300,0.0021904833355381103,0.0014329248863830563,0.003298806089691385,0.000710398915597793,0.004502581856178989,0.10092620442312006,66842.66666666667,63301.86666666667,70377.33333333333,0.34563134227661674,1.1466666666666667,1.4633333333333334,0.9833333333333333,0.21511627906976744,0.925,0.34905660377358494,0.3529563492063492,0.02
id,adjoint,0.15,300,0.002480039316829932,0.001634299295920795,0.0036700234698682915,0.000750887109502163,0.00457737097261174,0.10092620442312006,62532.0,59246.6,65772.86666666667,0.2986452354799379,0.93,1.3866666666666667,0.9766666666666667,0.25806451612903225,0.9,0.4011142061281337,0.26987962962962964,0.024444444444444442
id,adjoint,0.2,300,0.003943370290566711,0.0025957642436715512,0.005574271614277386,0.0007955218079383208,0.005461910448509337,0.15329274843980423,60180.0,57137.3,63368.166666666664,0.27423084964995115,0.81,1.3466666666666667,0.9533333333333334,0.25925925925925924,0.7875,0.39009287925696595,0.24299074074074076,0.0475
id,adjoint,0.3,300,0.005080095826443071,0.0033483455833731727,0.006923241811667162,0.0008885083845264902,0.006585825469618865,0.15329274843980423,57093.333333333336,54335.1,60037.46666666667,0.24135427554994748,0.6533333333333333,1.2933333333333332,0.93,0.28061224489795916,0.6875,0.39855072463768115,0.19693518518518516,0.06555555555555555
id,adjoint,0.4,300,0.006972979876086924,0.004527495264860808,0.009780215801872553,0.000958979623050759,0.00757249993445324,0.27112056270729346,55281.333333333336,52687.86666666667,58017.36666666667,0.21974898726330744,0.5633333333333334,1.26,0.9166666666666666,0.30177514792899407,0.6375,0.40963855421686746,0.1627222222222222,0.07638888888888888
id,adjoint,0.5,300,0.010853114436486696,0.006562611188760529,0.016186492357560412,0.000958979623050759,0.011490829023461269,0.4582302739654672,52984.0,50625.6,55441.03333333333,0.18577174129996515,0.46,1.2066666666666668,0.8966666666666666,0.3188405797101449,0.55,0.40366972477064217,0.11649603174603174,0.0936111111111111
id,adjoint,0.6,300,0.013312305684147452,0.007907214968161788,0.019716357860823135,0.000968985587295558,0.013209319244008982,0.4582302739654672,51953.333333333336,49795.933333333334,54212.03333333333,0.17648774426331026,0.4033333333333333,1.1933333333333334,0.8866666666666667,0.33884297520661155,0.5125,0.4079601990049751,0.10475,0.09972222222222223
id,adjoint,0.7,300,0.01698534610578694,0.009955182030451927,0.02580630384280101,0.000982950808589081,0.02701490112056065,0.7485373246960655,50484.0,48577.200000000004,52545.03333333333,0.16070823417329544,0.33,1.1666666666666667,0.87,0.35353535353535354,0.4375,0.39106145251396646,0.08486111111111111,0.11472222222222221
id,adjoint,0.8,300,0.016991371685861695,0.009959683912409967,0.025812551856199583,0.0010002607395183452,0.02701490112056065,0.7485373246960655,49894.666666666664,48129.3,51902.73333333333,0.15631010234329248,0.2966666666666667,1.16,0.87,0.39325842696629215,0.4375,0.41420118343195267,0.0773015873015873,0.11472222222222221
id,adjoint,0.9,300,0.017941110153513948,0.010691483204174474,0.02680000282118284,0.0010002607395183452,0.02701490112056065,0.7485373246960655,49501.333333333336,47791.9,51322.36666666667,0.15406078761329506,0.2733333333333333,1.1566666666666667,0.8666666666666667,0.4024390243902439,0.4125,0.40740740740740744,0.0723015873015873,0.1175
id,adjoint,0.97,300,0.021080004081225526,0.012241542697321866,0.03138345359233957,0.0010002607395183452,0.02854922287385382,0.7795216801320599,49061.333333333336,47353.3,50776.2,0.14795057347663412,0.25333333333333335,1.1466666666666667,0.8633333333333333,0.39473684210526316,0.375,0.3846153846153846,0.06722222222222221,0.1236111111111111
id,oracle,0.002,300,0.0011319706014461409,0.0009796361157410672,0.0012867807848065214,0.0006592587039602037,0.003277611404900883,0.007727067217969008,21652.0,20072.1,23280.0,0.2239985431832732,0.49,1.0,1.0,0.54421768707483,1.0,0.7048458149779736,0.13666666666666666,0.0
id,oracle,0.005,300,0.0013493550206082102,0.001186560131149753,0.0015163723709252412,0.0008015286643220654,0.0037258475203388553,0.007727067217969008,19580.0,18394.766666666666,20862.666666666668,0.19224718354659975,0.35,1.0,1.0,0.7619047619047619,1.0,0.8648648648648648,0.05927777777777777,0.0
id,oracle,0.01,300,0.001797853421140156,0.0015512212809756323,0.0020609869652264655,0.0008850533579641412,0.0053659717467163075,0.00986707833224143,18346.666666666668,17310.666666666668,19382.666666666668,0.16834238564992726,0.26666666666666666,1.0,1.0,1.0,1.0,1.0,0.0,0.0
id,oracle,0.02,300,0.0022062360824875453,0.0018469502790436007,0.002602184268167006,0.0009142314201723567,0.006150730095721798,0.019657398422106787,17705.333333333332,16866.666666666668,18593.333333333332,0.16054908465661963,0.22333333333333333,1.0,0.96,1.0,0.8375,0.9115646258503401,0.0,0.024999999999999998
id,oracle,0.05,300,0.0038050078382286696,0.002816112472090608,0.004651830613969739,0.0009525526475636058,0.007775776818547803,0.049598339556345766,16916.0,16225.333333333334,17607.9,0.14255661205661455,0.17,1.0,0.9166666666666666,1.0,0.6375,0.7786259541984732,0.0,0.06527777777777777
id,oracle,0.1,300,0.00596924413124704,0.004279481364830466,0.007567956841058683,0.0009688192168971002,0.013080165908319907,0.093652396098586,16373.333333333334,15830.666666666666,17014.666666666668,0.12477292729996407,0.13333333333333333,1.0,0.89,1.0,0.5,0.6666666666666666,0.0,0.09527777777777778
id,oracle_flips,0.0,300,0.0011136722145993817,0.0009613569270516183,0.0012759351840308543,0.0005310878278291069,0.003385367547816587,0.00809066892029886,29594.666666666668,27078.666666666668,32110.666666666668,0.29666010048657576,1.0266666666666666,1.0,1.0,0.2597402597402597,1.0,0.4123711340206185,0.2963571428571428,0.0
id,learned,0.02,300,0.0015646680471365032,0.0012902553868204786,0.0018491786846538236,0.0007081523685310703,0.003941386519132131,0.028184546337484018,30361.333333333332,28062.600000000002,32667.7,0.32267092507328926,0.6633333333333333,1.4266666666666667,0.9866666666666667,0.38190954773869346,0.95,0.5448028673835125,0.2768333333333333,0.008888888888888889
id,learned,0.05,300,0.0017401229332903911,0.0013947270710003424,0.0021383975558678875,0.0007081523685310703,0.00418814641034415,0.03971474749566095,28842.666666666668,26597.3,30946.7,0.3056481156132819,0.5866666666666667,1.4,0.9833333333333333,0.42045454545454547,0.925,0.5781250000000001,0.24527777777777776,0.011666666666666667
id,learned,0.1,300,0.0018194689280691212,0.0014663477538191536,0.002207535271125598,0.000792620801614019,0.004502581856178989,0.03971474749566095,27570.666666666668,25417.633333333335,29617.5,0.2892932083566302,0.5266666666666666,1.3733333333333333,0.9833333333333333,0.46835443037974683,0.925,0.6218487394957983,0.21111111111111108,0.011666666666666667
id,learned,0.15,300,0.001954755651014423,0.0015443384992659794,0.0023868640918914556,0.0008137243398348426,0.004507715803947077,0.03971474749566095,26690.666666666668,24593.3,28644.0,0.27677164874995164,0.4866666666666667,1.3533333333333333,0.98,0.5,0.9125,0.6460176991150441,0.18777777777777777,0.015
id,learned,0.2,300,0.0019853634339675515,0.0015693026760998491,0.0024326734020355604,0.0008137243398348426,0.004507715803947077,0.03971474749566095,25616.0,23656.399999999998,27567.933333333334,0.2601397185532854,0.44,1.3266666666666667,0.9766666666666667,0.5454545454545454,0.9,0.679245283018868,0.15777777777777777,0.016666666666666666
id,learned,0.3,300,0.0020268425776297475,0.0015976701186832302,0.0025012886164703573,0.0008361303493123057,0.004534821929717537,0.03971474749566095,25372.0,23369.333333333332,27186.7,0.2558539823432875,0.43,1.32,0.9733333333333334,0.5503875968992248,0.8875,0.6794258373205742,0.15277777777777776,0.02
id,learned,0.4,300,0.0025408276017011267,0.001830979697491145,0.003372907685265925,0.0008410924477517262,0.004680053980695427,0.06782476590340081,24444.0,22586.633333333335,26205.43333333333,0.24156235448995478,0.39,1.2966666666666666,0.9633333333333334,0.5811965811965812,0.85,0.6903553299492386,0.13166666666666665,0.027777777777777773
id,learned,0.5,300,0.0026145797319709605,0.0018888957777776986,0.0034731249712953685,0.0008410924477517262,0.004725305223127542,0.06782476590340081,23710.666666666668,21854.666666666668,25418.733333333334,0.23039550470995893,0.3566666666666667,1.28,0.9566666666666667,0.616822429906542,0.825,0.7058823529411763,0.115,0.03194444444444444
id,learned,0.6,300,0.004629653813734753,0.0024113433064325896,0.007679242116347592,0.0008530868029321928,0.005790710751197606,0.2931701684660408,23025.333333333332,21317.466666666667,24630.7,0.22258902575997128,0.3233333333333333,1.2666666666666666,0.9466666666666667,0.6288659793814433,0.7625,0.6892655367231638,0.10444444444444444,0.04
id,learned,0.7,300,0.006106497267057884,0.002915048579187492,0.010165640565735448,0.0008885083845264902,0.006958622506754642,0.40609979358397047,22293.333333333332,20637.333333333332,23910.333333333332,0.2102679482333042,0.29333333333333333,1.2466666666666666,0.9366666666666666,0.6590909090909091,0.725,0.6904761904761905,0.09,0.048333333333333325
id,learned,0.8,300,0.006580131482136481,0.0032810206031289187,0.010723165221978198,0.0008885083845264902,0.007264006647349128,0.40609979358397047,21318.666666666668,19853.600000000002,22878.733333333334,0.1913977062499665,0.25666666666666665,1.2166666666666666,0.93,0.7272727272727273,0.7,0.7133757961783439,0.06,0.05111111111111111
id,learned,0.9,300,0.007089812925174653,0.00375999263443743,0.011122136326823033,0.000922579567370671,0.00757249993445324,0.40609979358397047,20392.0,18974.9,21761.13333333333,0.17482593951997236,0.22,1.19,0.92,0.7878787878787878,0.65,0.7123287671232875,0.04,0.062222222222222213
id,learned,0.97,300,0.01082635499406963,0.004806714910000029,0.018324517427331374,0.0009482516827015453,0.009510289511088451,0.7485373246960655,19465.333333333332,18196.199999999997,20829.366666666665,0.1586883780733236,0.18333333333333332,1.1633333333333333,0.9066666666666666,0.8727272727272727,0.6,0.711111111111111,0.021666666666666667,0.07388888888888888
id,learned_seq,0.02,300,0.0015695051211014222,0.0013025556771914752,0.0018428770659283983,0.0007108098651378153,0.004065173067292141,0.028184546337484018,37969.333333333336,33619.86666666667,42512.066666666666,0.460338275086627,0.6466666666666666,1.6466666666666667,0.99,0.39690721649484534,0.9625,0.5620437956204379,0.27055555555555555,0.007777777777777777
id,learned_seq,0.05,300,0.0016053196916044814,0.0013338898638482674,0.0018945443922665094,0.0007108098651378153,0.004065173067292141,0.028159029246144662,35133.333333333336,31225.233333333334,39235.76666666666,0.42005606370663373,0.5833333333333334,1.5833333333333333,0.9866666666666667,0.4342857142857143,0.95,0.5960784313725489,0.24166666666666667,0.008888888888888889
id,learned_seq,0.1,300,0.0016574461886953936,0.0013842226192017904,0.001947480407601937,0.0007886897064221243,0.00418814641034415,0.028159029246144662,33570.666666666664,29810.56666666667,37391.53333333333,0.39538369835330134,0.5433333333333333,1.5433333333333332,0.9866666666666667,0.4601226993865031,0.9375,0.617283950617284,0.21277777777777776,0.010555555555555556
id,learned_seq,0.15,300,0.0019142233163489952,0.001488307918883163,0.0023630359635460566,0.0007955218079383208,0.004386871521344452,0.03971474749566095,31958.666666666668,28388.266666666666,35487.399999999994,0.3702016267666295,0.5033333333333333,1.5033333333333334,0.98,0.48344370860927155,0.9125,0.6320346320346321,0.19166666666666668,0.015
id,learned_seq,0.2,300,0.001970408638072506,0.0015510687018030554,0.0024257359091519612,0.0007955218079383208,0.004502581856178989,0.03971474749566095,30641.333333333332,27263.13333333333,34256.13333333333,0.34782408643997165,0.4666666666666667,1.4666666666666666,0.9766666666666667,0.5142857142857142,0.9,0.6545454545454545,0.165,0.016666666666666666
id,learned_seq,0.3,300,0.0019873036532839154,0.0015627498694118095,0.002436167200634774,0.0007955218079383208,0.004502581856178989,0.03971474749566095,30201.333333333332,26929.533333333333,33429.066666666666,0.3413275555966417,0.45666666666666667,1.4566666666666668,0.9733333333333334,0.5182481751824818,0.8875,0.6543778801843317,0.15833333333333333,0.017499999999999998
id,learned_seq,0.4,300,0.0022517490902683314,0.0016729938828995918,0.0028978513451254954,0.0008361303493123057,0.0045514222141525675,0.06782476590340081,28590.666666666668,25557.633333333335,31818.366666666665,0.31428624709997166,0.41333333333333333,1.4133333333333333,0.97,0.5645161290322581,0.875,0.6862745098039217,0.13277777777777777,0.02083333333333333
id,learned_seq,0.5,300,0.0024623454241482416,0.0018243688792846182,0.003176304579201235,0.0008361303493123057,0.00468634039339097,0.06782476590340081,26782.666666666668,24000.0,29614.733333333334,0.28655739198664376,0.37,1.37,0.9633333333333334,0.5945945945945946,0.825,0.6910994764397906,0.11777777777777776,0.02722222222222222
id,learned_seq,0.6,300,0.0034313709730652755,0.002016959062396472,0.005424519910544493,0.0008530868029321928,0.005518181704671182,0.27112056270729346,26100.0,23368.066666666666,28882.6,0.27467202129331175,0.35,1.35,0.9566666666666667,0.6095238095238096,0.8,0.6918918918918919,0.10777777777777776,0.033888888888888885
id,learned_seq,0.7,300,0.0048946813848866864,0.0023117381401523943,0.008513461613497132,0.0008885083845264902,0.006278309977676452,0.40609979358397047,24830.666666666668,22298.633333333335,27419.8,0.25398833940664794,0.31666666666666665,1.3166666666666667,0.9466666666666667,0.6526315789473685,0.775,0.7085714285714285,0.08944444444444444,0.040555555555555546
id,learned_seq,0.8,300,0.005119844135049518,0.0024607714645950925,0.008733402276439995,0.0008885083845264902,0.006511057832795993,0.40609979358397047,23465.333333333332,21262.966666666667,25904.0,0.2288160369833046,0.27666666666666667,1.2766666666666666,0.9433333333333334,0.7349397590361446,0.7625,0.7484662576687117,0.05888888888888888,0.04388888888888888
id,learned_seq,0.9,300,0.005676725993382461,0.0030007637114091677,0.009316256970561944,0.000922579567370671,0.007499868851061799,0.40609979358397047,21660.0,19661.333333333332,23857.233333333334,0.1976963231199746,0.22666666666666666,1.2266666666666666,0.9233333333333333,0.8088235294117647,0.6875,0.7432432432432432,0.03722222222222222,0.058333333333333334
id,learned_seq,0.97,300,0.010949263732656393,0.004985661903591324,0.018400118300142647,0.0009482516827015453,0.009510289511088451,0.7485373246960655,19902.666666666668,18392.0,21465.13333333333,0.1689361628633196,0.18,1.18,0.9066666666666666,0.8703703703703703,0.5875,0.7014925373134329,0.021666666666666667,0.075
